<?xml version="1.0" encoding="UTF-8"?>
<modification>
	<name>Oc 3.x Fix OCMOD</name>
	<code>Oc 3.x Fix OCMOD</code>
	<version>3.0.3.6</version>
	<author>Newsman</author>

	  <file path="catalog/controller/checkout/success.php">
        <operation>
            <search trim="true"><![CDATA[ if (isset($this->session->data['order_id'])) { ]]></search>
            <add position="after"><![CDATA[
            $this->session->data['ga_orderDetails'] = NULL;
            $this->session->data['ga_orderProducts'] = NULL;
            if (isset($this->session->data['order_id'])) {
                $this->load->model('checkout/order');
                $this->session->data['ga_orderDetails'] = $this->model_checkout_order->getOrder($this->session->data['order_id']);
                $this->session->data['ga_orderProducts'] = $this->model_checkout_order->getOrderProducts($this->session->data['order_id']);
            }
            ]]></add>
        </operation>
    </file>
    <file path="catalog/controller/product/category.php">
        <operation>
            <search trim="true"><![CDATA[ $data['sorts'] = array(); ]]></search>
            <add position="after"><![CDATA[
            $this->session->data['ga_orderDetails'] = NULL;
                $this->session->data['ga_orderDetails'] = $data['products'];
            ]]></add>
        </operation>
    </file>
    <file path="catalog/controller/checkout/cart.php">
        <operation>
            <search trim="true"><![CDATA[ $data['vouchers'] = array(); ]]></search>
            <add position="after"><![CDATA[
            $this->session->data['ga_orderDetails'] = NULL;
                $this->session->data['ga_orderDetails'] = $data['products'];
            ]]></add>
        </operation>
    </file>
</modification>